,z_values,p_values,adj_p_values
cascade vs voting,0.7500000000000002,0.4532547047537361,1
cascade vs model,0.4166666666666665,0.6769222390213794,1
cascade vs 2nd_model,0.0,1.0,1
