,z_values,p_values,adj_p_values
cascade vs model,1.3333333333333335,0.18242243945173575,0.5472673183552073
cascade vs 2nd_model,1.3333333333333335,0.18242243945173575,0.5472673183552073
cascade vs voting,1.3333333333333335,0.18242243945173575,0.5472673183552073
