,z_values,p_values,adj_p_values
cascade vs model,1.0,0.31731050786291415,0.9519315235887424
cascade vs 2nd_model,1.0,0.31731050786291415,0.9519315235887424
cascade vs voting,1.0,0.31731050786291415,0.9519315235887424
