,z_values,p_values,adj_p_values
cascade vs model,1.416666666666667,0.15658040708963483,0.4697412212689045
cascade vs 2nd_model,0.24999999999999978,0.8025873486341526,1.0
cascade vs voting,0.16666666666666696,0.8676323347781925,1.0
