,z_values,p_values,adj_p_values
cascade vs voting,1.0833333333333333,0.27866049489924416,0.8359814846977325
cascade vs 2nd_model,0.8333333333333335,0.40465676192728606,0.8359814846977325
cascade vs model,0.08333333333333348,0.9335864962947553,0.9335864962947553
