,z_values,p_values,adj_p_values
cascade vs 2nd_model,2.0,0.04550026389635842,0.13650079168907525
cascade vs voting,1.0,0.31731050786291415,0.9519315235887424
cascade vs model,0.0,1.0,1.0
