,z_values,p_values,adj_p_values
cascade vs voting,1.8333333333333333,0.0667530151696345,0.2002590455089035
cascade vs 2nd_model,1.0833333333333335,0.27866049489924394,0.8359814846977318
cascade vs model,0.08333333333333348,0.9335864962947553,1.0
