,z_values,p_values,adj_p_values
cascade vs 2nd_model,1.3333333333333335,0.18242243945173575,0.5472673183552073
cascade vs model,1.0833333333333333,0.27866049489924416,0.8359814846977325
cascade vs voting,0.08333333333333348,0.9335864962947553,1.0
