,z_values,p_values,adj_p_values
cascade vs voting,0.5,0.6170750774519738,1
cascade vs model,0.41666666666666696,0.6769222390213792,1
cascade vs 2nd_model,0.41666666666666696,0.6769222390213792,1
